Date,Open,High,Low,Close,Volume,Market Cap
20-Feb-18,943.57,965.26,892.95,895.37,2545260000.00,92206500000
19-Feb-18,921.67,957.78,921.55,943.87,2169020000.00,90047700000
18-Feb-18,973.35,982.93,915.45,923.92,2567290000.00,95077100000
17-Feb-18,944.75,976.6,940.75,974.12,2525720000.00,92264000000
16-Feb-18,934.79,950,917.85,944.21,2369450000.00,91272100000
15-Feb-18,923.73,951.95,911.11,936.98,2900100000.00,90173300000
14-Feb-18,844.28,926.43,844.28,923.56,2818370000.00,82400600000
13-Feb-18,869.29,870.71,828.84,845.26,2081170000.00,84824200000
12-Feb-18,817.51,875.94,817.51,868.71,2243450000.00,79754400000
11-Feb-18,859.29,859.29,788.22,814.66,2486650000.00,83813000000
10-Feb-18,882.47,917.4,825.58,860.41,2930530000.00,86055600000
9-Feb-18,818.48,884,788.83,883.87,2495820000.00,79799300000
8-Feb-18,755.84,845.09,755.84,817.81,3708190000.00,73676900000
7-Feb-18,790.43,851.2,723.43,757.07,3896180000.00,77032000000
6-Feb-18,707.74,796.44,574.42,793.12,6518270000.00,68958700000
5-Feb-18,834.96,856.65,644.6,697.95,4269530000.00,81337400000
4-Feb-18,964.67,969.03,805.06,834.68,2997090000.00,93953400000
3-Feb-18,919.21,991.94,847.69,964.02,3243480000.00,89507600000
2-Feb-18,1035.77,1035.77,757.98,915.78,6713290000.00,1.00836E+11
1-Feb-18,1119.37,1161.35,984.82,1036.79,5261680000.00,1.08952E+11
31-Jan-18,1071.09,1128.66,1034.5,1118.31,3757560000.00,1.04231E+11
30-Jan-18,1184.13,1184.63,1058.97,1071.13,4107860000.00,1.15207E+11
29-Jan-18,1246.7,1256.7,1169.08,1182.36,3715080000.00,1.21269E+11
28-Jan-18,1111.78,1257.77,1111.78,1246.01,5372330000.00,1.08122E+11
27-Jan-18,1055.75,1121.98,1042.12,1107.07,3002870000.00,1.02651E+11
26-Jan-18,1052.7,1080.6,996.78,1055.17,3617690000.00,1.02334E+11
25-Jan-18,1063.22,1104.66,1034.74,1056.03,4050190000.00,1.03335E+11
24-Jan-18,987.48,1062.44,965.81,1058.78,3944040000.00,95952700000
23-Jan-18,1004.17,1023.23,920.54,986.23,3556700000.00,97554300000
22-Jan-18,1055.35,1089.1,930.74,1003.26,3810100000.00,1.02504E+11
21-Jan-18,1155.68,1155.68,1021.5,1049.58,3378090000.00,1.12226E+11
20-Jan-18,1044.95,1167.11,1044.95,1155.15,3975190000.00,1.01451E+11
19-Jan-18,1028.82,1093.22,1003.71,1039.1,4084450000.00,99863900000
18-Jan-18,1016.44,1100.31,967.76,1036.28,5938320000.00,98642100000
17-Jan-18,1061.34,1090.23,780.92,1014.25,8545160000.00,1.02974E+11
16-Jan-18,1292.63,1292.63,875.54,1053.69,8405140000.00,1.25389E+11
15-Jan-18,1365.21,1390.59,1290.6,1291.92,4781100000.00,1.32404E+11
14-Jan-18,1397.48,1400.56,1286.21,1366.77,4841630000.00,1.35503E+11
13-Jan-18,1270.47,1432.88,1270.47,1396.42,5746760000.00,1.23163E+11
12-Jan-18,1158.29,1296.04,1120.09,1273.2,5222300000.00,1.12263E+11
11-Jan-18,1268.09,1337.3,1135.17,1154.93,7235900000.00,1.22879E+11
10-Jan-18,1300.34,1417.38,1226.6,1255.82,9214950000.00,1.25976E+11
9-Jan-18,1146,1320.98,1145.49,1299.74,7965460000.00,1.10999E+11
8-Jan-18,1158.26,1266.93,1016.05,1148.53,8450970000.00,1.12164E+11
7-Jan-18,1043.01,1153.17,1043.01,1153.17,5569880000.00,1.00981E+11
6-Jan-18,995.15,1060.71,994.62,1041.68,4662220000.00,96326500000
5-Jan-18,975.75,1075.39,956.33,997.72,6683150000.00,94423900000
4-Jan-18,961.71,1045.08,946.09,980.92,6502860000.00,93049400000
3-Jan-18,886,974.47,868.45,962.72,5093160000.00,85703500000
2-Jan-18,772.35,914.83,772.35,884.44,5783350000.00,74695700000
1-Jan-18,755.76,782.53,742,772.64,2595760000.00,73075800000
31-Dec-17,712.21,760.35,710.12,756.73,2554270000.00,68850800000
30-Dec-17,753.82,753.82,685.23,717.26,3187780000.00,72856900000
29-Dec-17,740.39,770.12,729.61,753.59,2648970000.00,71544300000
28-Dec-17,762.21,763.32,701.19,737.02,2389150000.00,73637100000
27-Dec-17,774.97,789.25,738.41,762.84,2100030000.00,74854100000
26-Dec-17,763.37,786.79,760.93,773.84,2201160000.00,73717800000
25-Dec-17,698.87,782.52,698.87,765.83,2491760000.00,67475100000
24-Dec-17,721.77,721.77,614.92,694.15,2300550000.00,69671200000
23-Dec-17,681.32,763.89,679.73,719.39,2480340000.00,65752100000
22-Dec-17,822.64,827.68,543.76,674.86,4977710000.00,79374400000
21-Dec-17,820.24,880.54,792.69,821.06,3569060000.00,79125300000
20-Dec-17,827.52,845.06,756,819.09,3969940000.00,79810600000
19-Dec-17,793.9,881.94,785.34,826.82,4096550000.00,76552200000
18-Dec-17,721.73,803.93,689.23,794.64,3249230000.00,69578400000
17-Dec-17,696.24,735.83,696.24,719.98,2147390000.00,67106400000
16-Dec-17,686.19,718.38,680.79,696.21,2165690000.00,66124200000
15-Dec-17,696.38,697.13,621.06,684.45,2758710000.00,67090900000
14-Dec-17,700.59,753.12,664.99,695.82,3821580000.00,67482900000
13-Dec-17,644.91,747.99,597.8,702.77,4524540000.00,62105600000
12-Dec-17,522.29,657.32,504.49,651.43,5179830000.00,50286400000
11-Dec-17,440.36,516.97,439.1,515.14,1771440000.00,42389300000
10-Dec-17,472.79,472.79,429.51,441.72,1404180000.00,45501400000
9-Dec-17,457.34,504.15,456.25,473.5,2003850000.00,44005600000
8-Dec-17,434.99,466.06,422.37,456.03,2336380000.00,41845800000
7-Dec-17,426.37,441.4,414.41,434.41,2129570000.00,41007600000
6-Dec-17,462.6,462.71,420.21,428.59,1998260000.00,44483100000
5-Dec-17,470.29,473.56,457.66,463.28,1216720000.00,45212800000
4-Dec-17,466.05,474.78,453.31,470.2,1005550000.00,44795700000
3-Dec-17,463.7,482.81,451.85,465.85,990557000.00,44560500000
2-Dec-17,466.85,476.24,456.65,463.45,943650000.00,44853300000
1-Dec-17,445.21,472.61,428.31,466.54,1247880000.00,42765000000
30-Nov-17,431.21,465.5,401.24,447.11,1903040000.00,41411900000
29-Nov-17,473.28,522.31,425.07,427.52,2675940000.00,45442100000
28-Nov-17,480.52,482.48,466.35,472.9,1346500000.00,46127200000
27-Nov-17,471.53,493.4,468.49,480.36,1396480000.00,45255000000
26-Nov-17,465.97,472.72,451.61,471.33,1197780000.00,44712100000
25-Nov-17,475.68,485.19,461.05,466.28,1422080000.00,45633400000
24-Nov-17,412.5,480.97,402.76,474.91,2292830000.00,39564300000
23-Nov-17,381.44,425.55,376.09,410.17,1845680000.00,36577300000
22-Nov-17,360.31,381.42,360.15,380.65,800819000.00,34544000000
21-Nov-17,367.44,372.47,350.69,360.4,949912000.00,35220200000
20-Nov-17,354.09,372.14,353.29,366.73,807027000.00,33933400000
19-Nov-17,347.4,371.29,344.74,354.39,1181530000.00,33284900000
18-Nov-17,331.98,349.62,327.69,347.61,649639000.00,31800700000
17-Nov-17,330.17,334.96,327.52,332.39,621733000.00,31620300000
16-Nov-17,333.44,336.16,323.61,330.92,797254000.00,31927300000
15-Nov-17,337.96,340.91,329.81,333.36,722666000.00,32353200000
14-Nov-17,316.76,340.18,316.76,337.63,1069680000.00,30317300000
13-Nov-17,307.02,328.42,307.02,316.72,1041890000.00,29379000000
12-Nov-17,314.69,319.15,298.51,307.91,1613480000.00,30106200000
11-Nov-17,298.59,319.45,298.19,314.68,842301000.00,28559400000
10-Nov-17,320.67,324.72,294.54,299.25,885986000.00,30665200000
9-Nov-17,308.64,329.45,307.06,320.88,893250000.00,29509000000
8-Nov-17,294.27,318.7,293.1,309.07,967956000.00,28128700000
7-Nov-17,298.57,304.84,290.77,294.66,540766000.00,28533300000
6-Nov-17,296.43,305.42,293.72,298.89,579359000.00,28322700000
5-Nov-17,300.04,301.37,295.12,296.26,337658000.00,28661500000
4-Nov-17,305.48,305.48,295.8,300.47,416479000.00,29175300000
3-Nov-17,288.5,308.31,287.69,305.71,646340000.00,27547400000
2-Nov-17,290.73,293.91,281.17,287.43,904901000.00,27754200000
1-Nov-17,305.76,306.4,290.58,291.69,553864000.00,29183600000
31-Oct-17,307.38,310.55,305.88,305.88,369583000.00,29331500000
30-Oct-17,304.78,310.5,304.35,307.75,331442000.00,29077600000
29-Oct-17,296.38,313.75,296.38,305.09,551752000.00,28270200000
28-Oct-17,297.92,300.36,293.58,296.3,264424000.00,28410400000
27-Oct-17,296.51,299.26,294.06,297.42,257169000.00,28270100000
26-Oct-17,298.02,301.07,295.22,296.53,270273000.00,28408400000
25-Oct-17,298.44,301.85,290.72,297.93,325040000.00,28442000000
24-Oct-17,287.12,311.96,282.66,298.33,684281000.00,27357500000
23-Oct-17,295.1,295.75,277.57,286.95,482336000.00,28111400000
22-Oct-17,300.55,305.5,292.81,295.45,327387000.00,28624800000
21-Oct-17,303.57,303.93,291.77,300.19,408014000.00,28906600000
20-Oct-17,308.05,311.44,303.49,304.01,396673000.00,29326300000
19-Oct-17,314.54,316.71,305.83,308.09,349830000.00,29937900000
18-Oct-17,316.94,317.24,290.64,314.32,606114000.00,30160500000
17-Oct-17,333.48,333.48,311.79,317.08,509924000.00,31727700000
16-Oct-17,336.71,349.35,332.04,333.38,692885000.00,32029200000
15-Oct-17,339.53,342.72,320.43,336.6,635407000.00,32292100000
14-Oct-17,338.85,347.98,334.7,339.63,516562000.00,32222400000
13-Oct-17,304.08,348.6,299.66,338.76,1304360000.00,28911100000
12-Oct-17,303.5,309.15,303.29,304.14,527557000.00,28851200000
11-Oct-17,301.18,304.39,299.1,303.46,264146000.00,28626300000
10-Oct-17,297.6,306.15,293.17,299.87,359706000.00,28281400000
9-Oct-17,308.67,309.31,288.19,297.39,559467000.00,29328300000
8-Oct-17,311.06,312.54,308.03,308.61,293167000.00,29550900000
7-Oct-17,308.89,313.13,304.98,311.12,342205000.00,29340400000
6-Oct-17,295.15,308.84,294.95,308.59,318664000.00,28031100000
5-Oct-17,292.77,298.04,288.84,295.86,253747000.00,27800400000
4-Oct-17,292.75,299.39,290.89,292.66,257906000.00,27794100000
3-Oct-17,297.48,300.11,288.13,292.46,321680000.00,28238500000
2-Oct-17,302.48,302.92,294.58,297.48,339443000.00,28708500000
1-Oct-17,301.55,303.19,295.06,302.34,306185000.00,28615200000
30-Sep-17,291.48,303.96,291.11,301.46,332439000.00,27655200000
29-Sep-17,299.12,299.92,279.77,291.47,541375000.00,28375900000
28-Sep-17,306.47,307.2,295.47,299.15,501894000.00,29068700000
27-Sep-17,287.02,308.01,286.82,306.47,550244000.00,27219400000
26-Sep-17,292.35,293.75,287.02,287.44,345801000.00,27720000000
25-Sep-17,282.22,293.51,281.88,292.33,483161000.00,26755500000
24-Sep-17,286.21,292.95,278.13,282.48,571411000.00,27129900000
23-Sep-17,264.6,286.17,261.12,286.17,450934000.00,25077100000
22-Sep-17,258.11,270.54,256.22,264.31,430081000.00,24458400000
21-Sep-17,283.26,286.61,255.02,258.58,601266000.00,26836000000
20-Sep-17,282.01,290.89,278.05,283.74,421404000.00,26712400000
19-Sep-17,293.66,295.77,274.48,282.8,646909000.00,27809300000
18-Sep-17,252.23,293.5,252.23,293.5,1127750000.00,23881200000
17-Sep-17,245.85,257,235.24,251.75,427452000.00,23272500000
16-Sep-17,250.87,262.59,238.22,246.52,711737000.00,23742600000
15-Sep-17,215.22,258.65,195.03,250.46,1935700000.00,20364900000
14-Sep-17,276.59,280.84,213.91,213.91,1184590000.00,26166100000
13-Sep-17,291.12,291.12,260.61,277.11,921692000.00,27535700000
12-Sep-17,294.63,311.19,287.23,291.46,753144000.00,27861800000
11-Sep-17,289.75,300.69,286.69,294.53,571307000.00,27394400000
10-Sep-17,294.06,294.76,268.97,288.75,698326000.00,27797200000
9-Sep-17,296.17,299.89,287.22,294.4,528621000.00,27990500000
8-Sep-17,329.64,329.64,285.16,296.5,1098780000.00,31147200000
7-Sep-17,333.52,333.52,319.94,329.43,718624000.00,31507500000
6-Sep-17,313.8,334.66,313.49,334.34,1058830000.00,29639100000
5-Sep-17,297.57,318.57,268.29,312.99,1551050000.00,28100000000
4-Sep-17,347.13,347.13,279.94,295.17,1801690000.00,32774000000
3-Sep-17,350.23,366.49,332.23,347.48,986266000.00,33059800000
2-Sep-17,387.82,389.35,328.1,348.98,1483600000.00,36601200000
1-Sep-17,383.47,390.04,383.47,387.74,874222000.00,36182900000
31-Aug-17,378.44,386.14,376.35,383.04,706254000.00,35701500000
30-Aug-17,369.47,388.75,361.97,378.49,1333320000.00,34848400000
29-Aug-17,347.96,373.76,347.79,370.67,1220030000.00,32813200000
28-Aug-17,350.04,352.05,338.41,347.75,854319000.00,33002700000
27-Aug-17,334.36,347.89,334.36,347.89,633370000.00,31517500000
26-Aug-17,331.99,334.99,327.92,333.88,514181000.00,31288300000
25-Aug-17,326.11,336.4,325.8,331.92,760329000.00,30727900000
24-Aug-17,317.45,327.96,317.08,325.61,697665000.00,29904600000
23-Aug-17,315.27,324.21,314.54,317.52,811990000.00,29691900000
22-Aug-17,321.06,327.36,297.91,314.79,1336400000.00,30229900000
21-Aug-17,300.48,347.05,297.23,321.59,2448970000.00,28285500000
20-Aug-17,296.64,301.43,291.58,301.43,571947000.00,27918100000
19-Aug-17,296.18,301.67,286.18,297.47,860202000.00,27867900000
18-Aug-17,301.7,307.96,292.5,295.59,936160000.00,28380200000
17-Aug-17,302.81,311.03,300.25,301.46,909494000.00,28477500000
16-Aug-17,289.82,303.41,285.38,302.27,967643000.00,27249700000
15-Aug-17,299.95,300.41,279.33,289.82,1051800000.00,28195800000
14-Aug-17,298.03,306.81,296.41,300.1,864391000.00,28008700000
13-Aug-17,310.37,310.82,289.31,298.06,1369370000.00,29161100000
12-Aug-17,308.71,317.56,307.9,310.6,1111650000.00,28998700000
11-Aug-17,294.5,309.21,294.5,308.86,953576000.00,27657000000
10-Aug-17,296.96,306.59,289.93,295.89,1076820000.00,27882200000
9-Aug-17,297.63,318.72,276.69,296.03,2638580000.00,27938700000
8-Aug-17,269.1,298.91,266.8,296.77,1502410000.00,25254600000
7-Aug-17,261.24,271.96,256.69,269.18,935727000.00,24511000000
6-Aug-17,256.42,271.05,252.85,261.57,1482980000.00,24053500000
5-Aug-17,222.85,256.51,221.95,256.51,1333000000.00,20900000000
4-Aug-17,225.31,227.62,222.06,223.07,539783000.00,21125600000
3-Aug-17,220.18,228.29,219.89,225.34,557217000.00,20640100000
2-Aug-17,227.01,229.51,218.12,219.95,632606000.00,21275200000
1-Aug-17,204.69,227.74,204.69,226.77,1585330000.00,19179100000
31-Jul-17,197.41,203.87,193.41,203.87,569414000.00,18492000000
30-Jul-17,206.74,208.54,196.15,197.98,596234000.00,19360900000
29-Jul-17,193.34,208.68,179.65,205.79,824355000.00,18101800000
28-Jul-17,204.32,204.9,192.3,193.12,562571000.00,19125100000
27-Jul-17,204.86,206.44,201.26,204.32,393283000.00,19169800000
26-Jul-17,207.09,210.77,194.78,203.95,717692000.00,19373400000
25-Jul-17,224.37,225.32,195.84,206.71,1095760000.00,20985200000
24-Jul-17,226.28,227.54,222.45,224.71,431691000.00,21158500000
23-Jul-17,229.12,231.68,217.72,225.95,649615000.00,21418300000
22-Jul-17,217.86,232.7,216.87,229.48,618260000.00,20360100000
21-Jul-17,226.06,235.12,213.01,218.31,1006130000.00,21121100000
20-Jul-17,205.42,233.9,203.22,227.26,2225000000.00,19187800000
19-Jul-17,234.94,245.65,191.75,199.7,2328790000.00,21939300000
18-Jul-17,195.03,267.99,182.06,234.39,2709260000.00,18207400000
17-Jul-17,159.99,194.75,158.04,193.42,1669500000.00,14932700000
16-Jul-17,169.57,172.01,133.72,157.36,1516890000.00,15823100000
15-Jul-17,199.71,200.16,170.66,170.66,810452000.00,18630200000
14-Jul-17,209.53,211.1,187.37,199.66,749382000.00,19541300000
13-Jul-17,231.81,231.81,200.06,209.73,828489000.00,21613900000
12-Jul-17,197.15,230.77,189.59,230.77,1241190000.00,18377600000
11-Jul-17,211.53,220.29,183.39,197.4,1440950000.00,19712300000
10-Jul-17,243.01,243.07,196.97,215.36,937219000.00,22640500000
9-Jul-17,251.82,255.1,242.14,242.14,505118000.00,23454700000
8-Jul-17,245.89,273.48,236.55,251.7,754958000.00,22890700000
7-Jul-17,270.35,273.94,244.17,245.99,687252000.00,25160800000
6-Jul-17,268.86,278.48,265.51,270.55,623080000.00,25019500000
5-Jul-17,273.1,275.13,261.45,268.77,790256000.00,25406900000
4-Jul-17,282.19,287.39,273.11,273.3,687691000.00,26245000000
3-Jul-17,288.41,291.1,281.18,282.9,851408000.00,26815900000
2-Jul-17,275.12,295.51,262.52,287.99,1123330000.00,25572800000
1-Jul-17,293.35,293.75,268.62,274.6,1089200000.00,27259400000
30-Jun-17,303.15,315.17,288.44,294.92,1011800000.00,28161900000
29-Jun-17,328.37,330.71,297.37,302.88,1508580000.00,30495300000
28-Jun-17,293.04,333.1,276.41,327.93,2056550000.00,27207000000
27-Jun-17,272.69,293.09,227.14,293.09,1973870000.00,25309700000
26-Jun-17,302.95,311.46,238.65,272.69,2081810000.00,28111200000
25-Jun-17,323.47,332.79,284.65,303.25,1186880000.00,30005900000
24-Jun-17,341.63,343.62,322.09,323.7,673585000.00,31681300000
23-Jun-17,336.49,348.01,334.99,341.74,593207000.00,31195900000
22-Jun-17,337.73,342.03,330.62,336.37,925767000.00,31302600000
21-Jun-17,359.54,361.34,319.48,336.87,1420130000.00,33310500000
20-Jun-17,370.33,377.97,350.94,359,1020390000.00,34304000000
19-Jun-17,371.86,377.12,369.76,370.06,685172000.00,34435700000
18-Jun-17,379.52,390.58,368.84,371.46,904703000.00,35133800000
17-Jun-17,369.88,379.41,364,379.41,904653000.00,34231300000
16-Jun-17,361.18,373.06,341.42,370.23,1096280000.00,33415800000
15-Jun-17,358.51,364.44,300.7,361.93,2463450000.00,33158200000
14-Jun-17,397.59,399.32,342.21,359.05,1272580000.00,36761600000
13-Jun-17,395.69,411.18,370.06,397.54,1717380000.00,36574500000
12-Jun-17,341.16,414.76,341.16,401.49,2882650000.00,31525300000
11-Jun-17,338.79,353.01,318.17,340.61,1373220000.00,31296800000
10-Jun-17,282.01,350.26,282.01,337.67,1611630000.00,26043700000
9-Jun-17,261.75,282.76,261.75,281.74,557986000.00,24165000000
8-Jun-17,257.99,262.25,253.97,261.67,385494000.00,23810900000
7-Jun-17,264.26,264.67,254.04,258.07,461649000.00,24382200000
6-Jun-17,248.6,267.51,246.84,264.47,741553000.00,22930400000
5-Jun-17,245.26,249.47,243.05,248.46,435660000.00,22615800000
4-Jun-17,224.12,250.41,223.98,245.33,753820000.00,20659800000
3-Jun-17,223.46,225.97,219.42,224.38,427896000.00,20593500000
2-Jun-17,222.29,229.41,219.58,223.78,469532000.00,20479000000
1-Jun-17,230.89,236.22,214.48,222.24,812924000.00,21264800000
31-May-17,231.58,236.97,215.57,230.67,1271600000.00,21321900000
30-May-17,195.61,233.71,189.29,231.91,1586670000.00,18004700000
29-May-17,170.13,197.13,164.53,194.91,718828000.00,15654600000
28-May-17,158.82,179.94,157.6,170.51,717971000.00,14608600000
27-May-17,159.82,166.95,120.44,157.76,1217060000.00,14696000000
26-May-17,175.22,193.69,150.28,160.4,792458000.00,16107000000
25-May-17,189.85,210.98,170.51,174.45,943637000.00,17446600000
24-May-17,182.65,228.37,182.45,190.05,561014000.00,16779700000
23-May-17,170.82,183.55,169.93,181.95,530709000.00,15688000000
22-May-17,158.17,201.75,152.47,174.26,1188910000.00,14522100000
21-May-17,127.54,159.03,125.89,157.94,570361000.00,11705700000
20-May-17,129.22,133.64,124.7,126.52,331455000.00,11856600000
19-May-17,97.05,133.56,97.05,129.53,626945000.00,8902240000
18-May-17,89.84,97.37,89.84,96.91,196237000.00,8238110000
17-May-17,89.25,91.27,84.43,89.86,183031000.00,8181520000
16-May-17,92.39,93.56,89.12,89.44,152285000.00,8466470000
15-May-17,90.78,95.43,86.83,92.41,170999000.00,8316930000
14-May-17,90.87,91.25,89.61,90.79,66046600.00,8322380000
13-May-17,88.69,93.81,86.66,90.84,88742200.00,8120390000
12-May-17,89.43,93.12,88.66,88.66,145825000.00,8184930000
11-May-17,89.77,102.55,88.48,89.88,132722000.00,8213570000
10-May-17,91.15,92.85,85.29,89.52,145602000.00,8337180000
9-May-17,91.23,93.06,80.39,91.16,363434000.00,8341490000
8-May-17,93.75,95.14,89.51,91.42,231344000.00,8569060000
7-May-17,97.87,98.24,89.87,94.01,183295000.00,8942950000
6-May-17,94.91,97.88,90.95,97.81,151462000.00,8669910000
5-May-17,96.73,103.23,92.22,94.4,331928000.00,8833520000
4-May-17,79.72,97.56,79.43,96.98,366847000.00,7277480000
3-May-17,77.25,80.1,75.76,79.72,141922000.00,7050050000
2-May-17,76.65,79.35,74.38,77.26,193773000.00,6992980000
1-May-17,79.32,82.52,73.09,76.3,376842000.00,7234070000
30-Apr-17,68.54,79.02,68.35,79.02,229945000.00,6248840000
29-Apr-17,71.39,71.9,66.78,68.38,165448000.00,6506490000
28-Apr-17,62.23,70.85,62.13,70.16,346546000.00,5669550000
27-Apr-17,52.81,62.17,52.29,62.17,246775000.00,4809630000
26-Apr-17,49.91,53.44,49.91,52.72,104884000.00,4544370000
25-Apr-17,50.07,50.3,49.81,49.89,38264600.00,4557870000
24-Apr-17,48.87,50.18,48.87,50.03,55580600.00,4446470000
23-Apr-17,48.59,48.89,48.17,48.49,36234000.00,4420040000
22-Apr-17,48.18,48.74,48.17,48.55,37357600.00,4381290000
21-Apr-17,49.64,49.66,48.14,48.22,45048300.00,4512610000
20-Apr-17,48.13,49.99,48.13,49.67,79600900.00,4373800000
19-Apr-17,50.73,50.95,47.26,48.31,76281000.00,4608260000
18-Apr-17,48.32,51.03,48.3,50.71,78748500.00,4387860000
17-Apr-17,48.66,48.75,48.05,48.3,44013300.00,4417310000
16-Apr-17,49.04,49.14,48.19,48.72,31343800.00,4450140000
15-Apr-17,47.65,49.57,47.18,49.1,66207800.00,4323100000
14-Apr-17,49.97,50.05,46.76,47.57,91674400.00,4531810000
13-Apr-17,46.31,50.91,46.31,50.22,157200000.00,4198420000
12-Apr-17,43.46,47.23,43.11,46.29,88045700.00,3938930000
11-Apr-17,43.5,44.25,43.3,43.41,38303300.00,3941100000
10-Apr-17,43.28,44.14,42.42,43.44,44061500.00,3919520000
9-Apr-17,44.28,44.49,42.89,43.27,55143000.00,4009010000
8-Apr-17,41.8,45.21,41.73,44.31,74138800.00,3783000000
7-Apr-17,42.87,44.04,41.65,42.16,81474700.00,3878210000
6-Apr-17,45.22,45.64,40.9,43.24,147120000.00,4089930000
5-Apr-17,44.66,47.84,44.54,45.3,119733000.00,4037940000
4-Apr-17,43.92,45.74,41.72,44.64,157568000.00,3969730000
3-Apr-17,48.82,48.82,43.41,44.36,190513000.00,4411030000
2-Apr-17,50.74,51.27,45.43,48.75,134604000.00,4582700000
1-Apr-17,50.03,51.93,48.88,50.7,92461900.00,4517510000
31-Mar-17,51.75,51.77,47.38,50.04,151416000.00,4671190000
30-Mar-17,53.12,53.31,51.87,52.21,86885700.00,4793280000
29-Mar-17,50.57,53.87,50.55,53.13,144998000.00,4561150000
28-Mar-17,49.71,50.96,49.15,50.77,97745300.00,4482160000
27-Mar-17,51.31,52.46,48.93,49.67,118978000.00,4624990000
26-Mar-17,50.77,51.8,49.28,50.52,106859000.00,4574540000
25-Mar-17,53.58,53.58,48.31,51.25,223059000.00,4825700000
24-Mar-17,43.64,54.14,43.21,53.11,297046000.00,3929230000
23-Mar-17,42.57,44.75,41.3,43.68,100724000.00,3831310000
22-Mar-17,43.12,43.52,39.69,42.34,113952000.00,3880120000
21-Mar-17,43.51,44.26,42.37,43.15,91265400.00,3913620000
20-Mar-17,44.83,46.23,42.44,43.39,154701000.00,4031270000
19-Mar-17,35.53,47,35.34,44.74,239430000.00,3193600000
18-Mar-17,46.87,46.87,31.7,34.16,262180000.00,4211830000
17-Mar-17,45.93,55.11,38.21,46.83,497534000.00,4125480000
16-Mar-17,35.36,47.17,35.36,46.35,454418000.00,3174750000
15-Mar-17,28.65,35.06,28.43,35.06,170344000.00,2571160000
14-Mar-17,28.57,29.93,27.32,28.65,101797000.00,2563700000
13-Mar-17,23.5,30.6,23.5,28.59,255488000.00,2108300000
12-Mar-17,21.46,23.44,21.38,23.44,74628900.00,1924660000
11-Mar-17,19.37,21.59,19.01,21.47,69150100.00,1736630000
10-Mar-17,17.74,19.66,17.68,19.33,87506800.00,1589640000
9-Mar-17,16.64,17.87,16.37,17.75,31418400.00,1490500000
8-Mar-17,18.88,18.88,16.65,16.65,44304600.00,1690760000
7-Mar-17,19.58,19.63,18.64,18.89,37972200.00,1752530000
6-Mar-17,19.28,20.1,19.11,19.61,32432700.00,1725360000
5-Mar-17,18.5,19.42,18.23,19.3,26816300.00,1655030000
4-Mar-17,19.52,20.05,18.62,18.62,27341900.00,1745140000
3-Mar-17,19.04,20.67,18.41,19.46,95863400.00,1702140000
2-Mar-17,17.36,19.35,16.95,19.03,83627100.00,1550750000
1-Mar-17,15.85,17.37,15.56,17.35,44927500.00,1415510000
28-Feb-17,15.45,16.06,15.12,15.82,65478900.00,1379600000
27-Feb-17,14.51,15.68,14.27,15.4,31667000.00,1294770000
26-Feb-17,13.52,14.54,13.4,14.52,20307500.00,1206150000
25-Feb-17,13.06,13.72,12.98,13.55,18533900.00,1165230000
24-Feb-17,13.13,13.23,12.88,13.07,19574400.00,1171110000
23-Feb-17,12.6,13.21,12.56,13.12,14522300.00,1122910000
22-Feb-17,12.69,12.76,12.55,12.6,10360900.00,1130460000
21-Feb-17,12.34,12.77,12.21,12.67,15183300.00,1099330000
20-Feb-17,12.77,12.9,12.43,12.43,12994400.00,1136610000
19-Feb-17,12.82,12.87,12.71,12.76,7799740.00,1140870000
18-Feb-17,12.71,12.83,12.68,12.81,9370010.00,1130750000
17-Feb-17,12.9,12.91,12.66,12.68,11636500.00,1147260000
16-Feb-17,12.92,12.92,12.54,12.9,38002600.00,1148860000
15-Feb-17,13.04,13.04,12.64,12.92,18464700.00,1159000000
14-Feb-17,11.29,13.33,11.29,13.03,42911500.00,1002810000
13-Feb-17,11.38,11.39,11.17,11.27,7216520.00,1011080000
12-Feb-17,11.35,11.4,11.3,11.4,6264900.00,1008030000
11-Feb-17,11.29,11.43,11.24,11.35,7544520.00,1002130000
10-Feb-17,11.04,11.34,10.78,11.28,11914200.00,979961000
9-Feb-17,11.44,11.6,10.67,11.03,18400300.00,1014280000
8-Feb-17,11.54,11.63,11.24,11.43,9688630.00,1023170000
7-Feb-17,11.43,11.61,11.41,11.52,7629640.00,1012620000
6-Feb-17,11.35,11.48,11.34,11.39,5695440.00,1005930000
5-Feb-17,11.44,11.49,11.32,11.35,5942960.00,1013400000
4-Feb-17,11.13,11.5,11.13,11.43,14139500.00,985277000
3-Feb-17,10.81,11.11,10.76,11.11,12897800.00,956944000
2-Feb-17,10.74,10.89,10.55,10.82,10172500.00,949793000
1-Feb-17,10.74,10.85,10.56,10.73,12852200.00,949969000
31-Jan-17,10.56,10.75,10.54,10.73,11648700.00,933975000
30-Jan-17,10.49,10.71,10.47,10.57,8042180.00,927415000
29-Jan-17,10.56,10.57,10.45,10.48,4689950.00,933087000
28-Jan-17,10.54,10.58,10.43,10.56,6580700.00,930688000
27-Jan-17,10.58,10.61,10.44,10.54,7189170.00,934404000
26-Jan-17,10.57,10.67,10.51,10.59,8465020.00,932575000
25-Jan-17,10.62,10.62,10.48,10.57,6751450.00,936769000
24-Jan-17,10.73,10.77,10.57,10.63,8327330.00,946083000
23-Jan-17,10.71,10.84,10.67,10.82,7267210.00,944159000
22-Jan-17,10.91,10.97,10.58,10.7,8678620.00,961463000
21-Jan-17,10.6,10.98,10.58,10.91,11937600.00,933405000
20-Jan-17,10.39,10.76,10.35,10.6,10992800.00,914696000
19-Jan-17,10.24,10.44,10.18,10.4,8347550.00,901484000
18-Jan-17,10.3,10.52,9.94,10.23,10788200.00,906079000
17-Jan-17,9.64,10.61,9.54,10.3,18391900.00,847981000
16-Jan-17,9.88,9.93,9.58,9.64,14937400.00,869126000
15-Jan-17,9.83,10,9.6,9.9,14837900.00,864037000
14-Jan-17,9.79,9.89,9.44,9.65,20085800.00,859971000
13-Jan-17,9.83,9.85,9.51,9.77,25066600.00,863241000
12-Jan-17,9.72,10.08,9.18,9.86,30453800.00,853638000
11-Jan-17,10.54,10.66,9.46,9.72,26823500.00,925320000
10-Jan-17,10.37,10.69,10.29,10.55,10879700.00,909897000
9-Jan-17,10.31,10.78,10.14,10.33,25718300.00,904682000
8-Jan-17,9.87,10.39,9.83,10.29,16676600.00,865667000
7-Jan-17,10.24,10.28,9.59,9.87,23153600.00,897636000
6-Jan-17,10.29,10.63,9.63,10.25,29471800.00,901249000
5-Jan-17,11.29,11.89,9.4,10.25,41557400.00,988599000
4-Jan-17,9.71,11.28,9.56,11.25,41051200.00,850115000
3-Jan-17,8.37,10,8.32,9.73,33625200.00,732988000
2-Jan-17,8.17,8.44,8.05,8.38,14579600.00,714900000
1-Jan-17,7.98,8.47,7.98,8.17,14731700.00,698149000
31-Dec-16,8.15,8.16,7.91,7.97,9066800.00,712662000
30-Dec-16,8.29,8.47,8.05,8.16,13909900.00,724528000
29-Dec-16,7.54,8.53,7.54,8.28,27543800.00,658674000
28-Dec-16,7.15,7.62,7.08,7.52,17453300.00,624359000
27-Dec-16,7.28,7.32,7.09,7.17,8778610.00,635260000
26-Dec-16,7.13,7.33,7.05,7.27,5836810.00,622439000
25-Dec-16,7.26,7.34,7.14,7.18,8671840.00,633792000
24-Dec-16,7.15,7.41,7.15,7.27,7626020.00,623759000
23-Dec-16,7.58,7.69,7.16,7.17,19613100.00,660546000
22-Dec-16,7.9,7.91,7.5,7.58,16376700.00,688380000
21-Dec-16,7.66,7.94,7.66,7.91,9393550.00,667625000
20-Dec-16,7.63,7.75,7.57,7.66,6313550.00,664772000
19-Dec-16,7.87,7.87,7.63,7.64,5894760.00,685054000
18-Dec-16,7.86,7.93,7.72,7.87,5890020.00,684028000
17-Dec-16,7.86,7.9,7.52,7.88,8502620.00,683357000
16-Dec-16,7.86,7.93,7.8,7.86,5178610.00,683399000
15-Dec-16,8.24,8.24,7.72,7.83,13184400.00,715861000
14-Dec-16,8.45,8.52,8.25,8.27,7337220.00,734382000
13-Dec-16,8.52,8.53,8.35,8.42,4486190.00,740099000
12-Dec-16,8.19,8.61,8.17,8.52,9119700.00,711348000
11-Dec-16,8.13,8.27,8.1,8.19,5545500.00,705363000
10-Dec-16,8.44,8.53,8.02,8.13,8108370.00,732173000
9-Dec-16,8.17,8.67,8.05,8.45,12916300.00,708468000
8-Dec-16,8.38,8.86,8.23,8.23,16042700.00,726878000
7-Dec-16,7.89,8.54,7.33,8.38,22229600.00,684258000
6-Dec-16,6.8,7.92,5.98,7.87,50671200.00,589548000
5-Dec-16,7.41,7.64,6.66,6.82,17344500.00,641820000
4-Dec-16,7.9,7.95,7.44,7.44,8450790.00,684258000
3-Dec-16,7.77,8.15,7.67,7.92,12112100.00,672138000
2-Dec-16,8.46,8.46,7.42,7.76,18579800.00,731520000
1-Dec-16,8.6,8.65,8.36,8.45,5882340.00,743882000
30-Nov-16,8.16,8.75,8.16,8.59,10626600.00,705040000
29-Nov-16,8.73,8.74,7.88,8.17,17000400.00,754307000
28-Nov-16,9,9.01,8.72,8.72,6046890.00,777311000
27-Nov-16,9.31,9.33,8.78,9,8707660.00,804085000
26-Nov-16,9.42,9.5,9.31,9.33,3505990.00,812795000
25-Nov-16,9.23,9.75,9.21,9.4,7669720.00,796268000
24-Nov-16,9.85,9.85,8.93,9.23,15987800.00,849229000
23-Nov-16,9.92,9.96,9.76,9.84,4812310.00,855265000
22-Nov-16,9.63,10.24,9.59,9.91,11284400.00,829616000
21-Nov-16,9.58,9.64,9.54,9.62,3663210.00,825381000
20-Nov-16,9.66,9.71,9.52,9.58,5173420.00,832050000
19-Nov-16,9.48,9.75,9.48,9.66,5186540.00,816380000
18-Nov-16,9.99,10.01,9.48,9.48,10816100.00,859571000
17-Nov-16,10.06,10.19,9.92,9.99,6984700.00,865393000
16-Nov-16,10.22,10.33,9.93,10.06,9533550.00,878610000
15-Nov-16,9.97,10.32,9.85,10.22,6557550.00,857223000
14-Nov-16,10.1,10.16,9.96,9.97,3573250.00,867755000
13-Nov-16,9.89,10.41,9.84,10.1,8227770.00,849342000
12-Nov-16,10.29,10.34,9.7,9.88,10052500.00,883780000
11-Nov-16,10.51,10.57,10.26,10.29,6056300.00,902479000
10-Nov-16,10.67,10.68,10.51,10.52,4253980.00,915940000
9-Nov-16,10.82,10.83,10.22,10.66,14606600.00,928063000
8-Nov-16,10.85,10.92,10.74,10.83,6258150.00,930345000
7-Nov-16,10.9,10.96,10.78,10.81,5992480.00,934536000
6-Nov-16,10.99,11.25,10.85,10.87,5688710.00,941729000
5-Nov-16,11.09,11.24,10.88,11,5502670.00,950213000
4-Nov-16,10.82,11.12,10.82,11.09,9958040.00,926129000
3-Nov-16,10.8,11.11,10.76,10.8,15228600.00,924097000
2-Nov-16,10.77,11.16,10.69,10.75,11691700.00,921691000
1-Nov-16,10.96,11.18,10.3,10.77,22901300.00,937123000
31-Oct-16,11.23,11.5,10.94,11,13393900.00,960008000
30-Oct-16,10.43,11.45,10.29,11.18,16694900.00,891164000
29-Oct-16,11.1,11.2,9.56,10.44,27070400.00,948271000
28-Oct-16,11.47,11.58,10.95,11.09,13971500.00,979916000
27-Oct-16,11.53,11.61,11.26,11.5,13255400.00,984361000
26-Oct-16,11.38,11.66,11.38,11.53,10221800.00,971440000
25-Oct-16,11.97,11.99,11.15,11.41,19316000.00,1020850000
24-Oct-16,12.04,12.1,11.91,11.97,5739690.00,1026400000
23-Oct-16,12.13,12.14,11.94,12.04,5774660.00,1033970000
22-Oct-16,12.18,12.19,11.95,12.07,7583820.00,1037850000
21-Oct-16,12.13,12.21,12.02,12.18,5676920.00,1033140000
20-Oct-16,12.05,12.29,12,12.1,8170760.00,1025620000
19-Oct-16,12.59,12.62,11.91,12.02,10576200.00,1071710000
18-Oct-16,12,12.93,12,12.59,18864200.00,1020530000
17-Oct-16,11.96,12.03,11.86,12.01,5724440.00,1016710000
16-Oct-16,11.98,12.01,11.93,11.95,3617280.00,1018540000
15-Oct-16,11.94,12,11.78,11.98,4991840.00,1014280000
14-Oct-16,11.99,12.07,11.9,11.94,4333510.00,1018390000
13-Oct-16,11.91,12.13,11.78,11.96,8665190.00,1011190000
12-Oct-16,11.78,12.07,11.71,11.93,9694640.00,1000220000
11-Oct-16,11.76,12.16,11.75,11.79,11727700.00,997949000
10-Oct-16,12.06,12.06,11.62,11.76,10809200.00,1022860000
9-Oct-16,12.22,12.36,11.98,12.05,7208480.00,1035590000
8-Oct-16,12.67,12.69,12.05,12.22,11611200.00,1073990000
7-Oct-16,12.85,12.99,12.53,12.67,8933050.00,1088570000
6-Oct-16,13.03,13.14,12.69,12.85,12044800.00,1102940000
5-Oct-16,13.28,13.35,13.04,13.04,9881370.00,1124270000
4-Oct-16,13.45,13.53,13.21,13.28,8348280.00,1137980000
3-Oct-16,13.2,13.49,13.19,13.45,7458320.00,1116600000
2-Oct-16,13.18,13.3,13.14,13.2,4079660.00,1114200000
1-Oct-16,13.2,13.31,13.05,13.17,6331160.00,1115690000
30-Sep-16,13.08,13.34,13.02,13.22,5950840.00,1104530000
29-Sep-16,13.28,13.34,13.07,13.07,5990630.00,1121060000
28-Sep-16,13.11,13.48,13.08,13.27,10239000.00,1106330000
27-Sep-16,12.86,13.21,12.86,13.1,6831070.00,1085330000
26-Sep-16,13.17,13.17,12.74,12.82,7213070.00,1110700000
25-Sep-16,12.85,13.11,12.8,13.1,5283440.00,1083510000
24-Sep-16,13.32,13.34,12.68,12.88,9824880.00,1122670000
23-Sep-16,13.21,13.45,13.1,13.33,9166430.00,1112590000
22-Sep-16,13.66,13.66,12.48,13.25,27382800.00,1150650000
21-Sep-16,14.43,14.43,13.17,13.77,28645000.00,1214950000
20-Sep-16,13.21,14.43,13.12,14.43,31929100.00,1111810000
19-Sep-16,12.44,13.19,12.42,13.19,13838800.00,1045870000
18-Sep-16,12.69,12.99,12.16,12.43,22433300.00,1066620000
17-Sep-16,12.56,12.76,12.44,12.7,7446610.00,1055440000
16-Sep-16,11.96,12.75,11.9,12.56,17421500.00,1004740000
15-Sep-16,11.94,12.14,11.92,11.94,7309090.00,1002970000
14-Sep-16,11.9,12,11.86,11.92,5694820.00,999352000
13-Sep-16,11.89,12.09,11.88,11.92,11704300.00,997638000
12-Sep-16,11.64,11.95,11.61,11.89,7478080.00,976645000
11-Sep-16,12.21,12.21,11.59,11.64,8791180.00,1023640000
10-Sep-16,11.66,12.22,11.54,12.17,7220300.00,977515000
9-Sep-16,11.41,11.68,11.39,11.65,6109200.00,956210000
8-Sep-16,11.55,11.7,11.25,11.35,11535000.00,967010000
7-Sep-16,11.69,11.73,11.52,11.55,6115050.00,979087000
6-Sep-16,11.73,11.73,11.47,11.69,6346330.00,981303000
5-Sep-16,11.68,11.81,11.59,11.72,5724100.00,977169000
4-Sep-16,11.75,11.79,11.47,11.68,7220550.00,982952000
3-Sep-16,12.11,12.36,11.35,11.76,13358800.00,1012580000
2-Sep-16,11.96,12.31,11.88,12.11,9368300.00,999757000
1-Sep-16,11.67,12.58,11.65,11.99,24051500.00,974844000
31-Aug-16,11.24,11.68,11.18,11.67,11073700.00,938406000
30-Aug-16,10.99,11.3,10.96,11.23,7221260.00,917474000
29-Aug-16,10.92,11.15,10.79,10.98,8130540.00,910698000
28-Aug-16,11.15,11.15,10.92,10.93,5303040.00,929690000
27-Aug-16,11.29,11.29,11.14,11.15,15108400.00,941585000
26-Aug-16,11.35,11.45,11.21,11.3,5857850.00,946092000
25-Aug-16,11.03,11.39,11.02,11.36,8552380.00,918977000
24-Aug-16,11.02,11.15,11.01,11.04,4423420.00,918039000
23-Aug-16,11.14,11.23,10.9,11.03,6489380.00,927065000
22-Aug-16,11.19,11.34,11.07,11.12,6588920.00,930708000
21-Aug-16,11.25,11.25,10.99,11.18,4355660.00,936015000
20-Aug-16,10.75,11.3,10.75,11.25,7443540.00,893814000
19-Aug-16,10.75,10.8,10.73,10.75,5390850.00,893156000
18-Aug-16,10.75,11.01,10.74,10.76,6935800.00,892903000
17-Aug-16,11.13,11.15,10.75,10.75,8833760.00,924591000
16-Aug-16,11.23,11.24,11,11.14,7051510.00,932162000
15-Aug-16,11.2,11.31,11,11.22,7500840.00,929558000
14-Aug-16,11.58,11.69,11.1,11.19,8680160.00,960855000
13-Aug-16,11.77,11.79,11.51,11.57,7539490.00,975999000
12-Aug-16,11.69,12.04,11.64,11.78,13690100.00,968865000
11-Aug-16,12.14,12.27,11.63,11.69,17505000.00,1005720000
10-Aug-16,12.23,12.46,11.98,12.14,28096300.00,1012910000
9-Aug-16,11.27,12.45,11.2,12.24,36656600.00,933431000
8-Aug-16,10.91,11.33,10.86,11.25,14956700.00,903184000
7-Aug-16,10.86,11.09,10.78,10.91,16551000.00,898340000
6-Aug-16,10.92,10.94,10.29,10.88,16712600.00,902752000
5-Aug-16,11.02,11.18,10.76,10.93,15487900.00,910856000
4-Aug-16,10.31,11.29,10.16,11.04,38151400.00,851992000
3-Aug-16,8.88,10.42,8.88,10.29,53979400.00,733204000
2-Aug-16,10.95,11.14,8.2,8.79,88803300.00,903978000
1-Aug-16,11.89,12.01,10.94,10.94,23999500.00,981735000
31-Jul-16,12.44,12.51,11.55,11.88,25441400.00,1026310000
30-Jul-16,12.8,12.8,12.46,12.46,9047810.00,1055410000
29-Jul-16,12.84,12.87,12.55,12.79,14082300.00,1058220000
28-Jul-16,12.98,12.99,12.49,12.84,24603900.00,1069560000
27-Jul-16,12.05,13.31,11.84,12.97,58278800.00,992645000
26-Jul-16,13.82,13.85,11.73,11.99,94428800.00,1137660000
25-Jul-16,12.74,13.86,12.68,13.84,36673800.00,1048920000
24-Jul-16,14.3,14.44,12.32,12.75,77750800.00,1176250000
23-Jul-16,14.67,14.9,14.05,14.3,32489700.00,1206190000
22-Jul-16,12.66,14.81,12.54,14.66,74779500.00,1040640000
21-Jul-16,12.46,12.71,11.99,12.65,24636900.00,1024000000
20-Jul-16,11.59,12.99,11.57,12.45,60226100.00,952143000
19-Jul-16,11.05,12.01,11.01,11.62,21730000.00,907135000
18-Jul-16,11.17,11.61,10.95,11.03,15931900.00,917151000
17-Jul-16,11.62,11.67,11.01,11.16,17921600.00,953762000
16-Jul-16,11.92,11.94,11.59,11.65,10445700.00,977658000
15-Jul-16,11.5,12.43,11.49,11.95,26838900.00,942817000
14-Jul-16,10.6,11.68,10.6,11.51,23621900.00,868509000
13-Jul-16,10.51,10.59,10.4,10.5,6715660.00,860770000
12-Jul-16,10.45,10.76,10.43,10.52,11127700.00,855555000
11-Jul-16,10.94,11.01,10.26,10.46,13098000.00,895670000
10-Jul-16,10.96,11.01,10.78,10.95,5479240.00,896899000
9-Jul-16,11.42,11.46,10.73,10.97,17254800.00,933946000
8-Jul-16,10.12,11.52,9.96,11.39,20039800.00,827090000
7-Jul-16,10.54,10.57,9.8,10.11,15407200.00,861144000
6-Jul-16,10.58,11.11,10.28,10.53,18137300.00,864063000
5-Jul-16,11.46,11.52,9.58,10.61,45526900.00,935730000
4-Jul-16,11.7,11.88,11.39,11.47,12943500.00,954849000
3-Jul-16,12.12,12.15,11.59,11.72,10588700.00,989132000
2-Jul-16,12.22,12.22,11.95,12.13,8987070.00,996510000
1-Jul-16,12.44,12.49,11.73,12.2,17236500.00,1014220000
30-Jun-16,12.6,12.74,12.25,12.46,15801300.00,1027260000
29-Jun-16,12.17,13.04,11.69,12.61,26982800.00,991926000
28-Jun-16,13.93,13.98,11.72,12.18,43436600.00,1134340000
27-Jun-16,13.81,14.12,13.75,13.88,10994700.00,1124170000
26-Jun-16,14.26,14.37,13.66,13.85,14747600.00,1160590000
25-Jun-16,14.3,14.58,14.02,14.28,15383100.00,1163530000
24-Jun-16,13.68,14.57,13.22,14.33,33332900.00,1112590000
23-Jun-16,13.22,13.79,12.56,13.68,30806400.00,1074240000
22-Jun-16,13.2,15.79,13.1,13.1,96994100.00,1072510000
21-Jun-16,11.82,13.42,11.29,13.31,69245600.00,960014000
20-Jun-16,12.24,12.45,10.52,11.84,58143600.00,993503000
19-Jun-16,11.17,13.18,10.64,12.23,69783600.00,906292000
18-Jun-16,15.38,15.38,9.96,11.33,133937000.00,1247530000
17-Jun-16,20.65,21.52,13.57,15.38,199408000.00,1674540000
16-Jun-16,18.36,20.83,18.36,20.59,38531000.00,1488420000
15-Jun-16,18.91,18.91,17.71,18.35,19393400.00,1531790000
14-Jun-16,17.61,19.27,17.3,18.89,64412200.00,1426500000
13-Jun-16,15.77,17.64,15.72,17.6,38023400.00,1276930000
12-Jun-16,14.19,15.9,14.19,15.74,38210300.00,1148070000
11-Jun-16,13.91,14.19,13.72,14.19,12176500.00,1125180000
10-Jun-16,14.38,14.43,13.82,13.91,11312900.00,1162500000
9-Jun-16,14.43,14.57,14.34,14.4,8256830.00,1166450000
8-Jun-16,14.51,14.78,14.28,14.42,16941800.00,1172230000
7-Jun-16,13.95,14.51,13.81,14.51,21421600.00,1126330000
6-Jun-16,14,14.06,13.73,13.93,8720400.00,1130350000
5-Jun-16,13.76,14.07,13.57,13.97,11088400.00,1110690000
4-Jun-16,13.86,13.95,13.42,13.74,15792400.00,1118460000
3-Jun-16,13.74,13.87,13.25,13.85,22981500.00,1108220000
2-Jun-16,13.99,14.05,13.63,13.74,10477200.00,1127830000
1-Jun-16,14.11,14.32,13.44,14,22471300.00,1136900000
31-May-16,12.74,14.27,12.64,14.08,42433400.00,1026410000
30-May-16,12.33,12.88,12.27,12.73,14733800.00,992329000
29-May-16,12.11,12.69,11.78,12.35,28598400.00,974784000
28-May-16,11.33,12.36,10.37,11.89,47274800.00,911724000
27-May-16,12.39,12.39,10.5,11.3,57496400.00,996293000
26-May-16,12.52,12.99,12.06,12.43,20764000.00,1006080000
25-May-16,12.79,12.9,11.77,12.53,27444700.00,1027940000
24-May-16,13.31,13.77,12.01,12.73,41560600.00,1068670000
23-May-16,14.28,14.49,13.19,13.46,23842800.00,1146470000
22-May-16,14.04,14.35,13.77,14.29,17938900.00,1126810000
21-May-16,13.69,14.05,13.12,14.02,24648400.00,1098220000
20-May-16,14.85,15.05,13.38,13.64,50544100.00,1191080000
19-May-16,13.54,14.87,13.34,14.77,53757500.00,1085570000
18-May-16,12.18,14.26,12.18,13.56,65389900.00,975878000
17-May-16,11.19,12.49,11.15,12.2,37198700.00,896505000
16-May-16,9.97,11.44,9.97,11.17,29079900.00,798116000
15-May-16,10.24,10.44,9.93,9.96,9218400.00,819399000
14-May-16,10.51,10.62,9.81,10.24,18808000.00,840395000
13-May-16,10.06,11.05,10.02,10.51,31276900.00,804647000
12-May-16,10,10.51,9.86,10.06,24137700.00,798952000
11-May-16,9.43,10.01,9.39,10,15267500.00,753600000
10-May-16,9.28,9.48,9.26,9.36,9321790.00,741417000
9-May-16,9.49,9.64,9.2,9.3,13085300.00,758000000
8-May-16,9.37,9.6,8.93,9.48,15031000.00,748030000
7-May-16,9.32,9.48,9.21,9.37,10806500.00,743166000
6-May-16,9.81,9.95,9.04,9.35,21510600.00,782261000
5-May-16,9.4,10.05,9.29,9.83,18296200.00,749038000
4-May-16,9.38,10.03,9.27,9.41,17622400.00,747638000
3-May-16,10.17,10.17,9.28,9.31,21463900.00,809644000
2-May-16,8.89,10.32,8.85,10.16,41019200.00,708137000
1-May-16,8.78,9.01,8.43,8.85,16713800.00,698377000
30-Apr-16,7.45,9.37,7.45,8.81,36573300.00,592992000
29-Apr-16,7.21,7.73,7.17,7.46,8762080.00,573124000
28-Apr-16,7.74,7.91,7.17,7.17,11576000.00,615316000
27-Apr-16,7.39,7.97,7.32,7.76,19254500.00,587076000
26-Apr-16,7.53,7.55,7.06,7.4,17667300.00,597819000
25-Apr-16,8.01,8.09,7.24,7.55,18239900.00,635784000
24-Apr-16,8.29,8.47,7.96,8,10786400.00,658203000
23-Apr-16,7.79,8.55,7.74,8.29,14565200.00,618147000
22-Apr-16,8.15,8.27,7.67,7.82,13309300.00,646298000
21-Apr-16,8.45,8.72,7.96,8.1,13355400.00,670104000
20-Apr-16,8.69,8.83,8.31,8.47,15634700.00,688434000
19-Apr-16,9.08,9.31,8.6,8.71,12899100.00,718825000
18-Apr-16,9.33,9.51,8.5,9.04,21084100.00,738916000
17-Apr-16,8.62,9.7,8.56,9.31,24619600.00,682467000
16-Apr-16,8.24,8.65,8.11,8.61,9888460.00,651554000
15-Apr-16,8.39,8.62,8.1,8.24,12179000.00,663169000
14-Apr-16,8.08,8.76,8.02,8.39,13590700.00,638330000
13-Apr-16,7.44,8.72,7.07,8.04,31403300.00,587994000
12-Apr-16,8.64,8.64,7.15,7.44,23190100.00,682395000
11-Apr-16,8.94,8.95,8,8.64,15138100.00,706074000
10-Apr-16,9.15,9.22,7.46,8.94,42613400.00,722133000
9-Apr-16,9.69,10.09,9.07,9.15,16194800.00,764797000
8-Apr-16,10.08,10.39,9.66,9.72,14660600.00,794705000
7-Apr-16,10.7,10.81,9.95,10.07,13464500.00,843091000
6-Apr-16,10.45,10.97,10.28,10.69,16997100.00,823420000
5-Apr-16,11.21,11.21,10.13,10.44,20557300.00,883170000
4-Apr-16,11.62,11.62,11.02,11.16,9599070.00,914560000
3-Apr-16,11.63,11.71,11.51,11.62,5580550.00,915175000
2-Apr-16,11.63,11.69,11.4,11.6,8682620.00,914995000
1-Apr-16,11.4,11.85,11.4,11.66,11373100.00,896537000
31-Mar-16,11.92,12.01,11.32,11.4,14966700.00,936992000
30-Mar-16,11.61,12.18,11.47,11.95,19351200.00,911902000
29-Mar-16,11.75,11.91,11.35,11.66,17684200.00,923114000
28-Mar-16,10.43,11.86,10.41,11.67,23188300.00,819007000
27-Mar-16,10.99,11.05,10.11,10.42,16744800.00,862211000
26-Mar-16,10.77,11.18,10.59,10.97,9425480.00,844742000
25-Mar-16,11.26,11.37,10.53,10.74,13782000.00,883012000
24-Mar-16,12.44,12.5,10.8,11.23,26081800.00,975295000
23-Mar-16,11.33,12.43,11.24,12.42,19353200.00,887595000
22-Mar-16,11.88,12.03,11.18,11.27,19730300.00,929610000
21-Mar-16,10.3,12.01,10.16,11.86,28572600.00,805997000
20-Mar-16,10.52,10.9,9.57,10.32,17651100.00,822297000
19-Mar-16,11.2,11.2,9.78,10.53,26735700.00,875689000
18-Mar-16,11.11,11.18,8.52,11,53956800.00,867949000
17-Mar-16,12.56,12.64,10.44,11.08,41650600.00,977389000
16-Mar-16,13.02,13.73,12.5,12.52,24335500.00,1013020000
15-Mar-16,13,13.2,12.05,13.01,28404500.00,1011090000
14-Mar-16,14.51,15.01,11.58,12.45,58385100.00,1128180000
13-Mar-16,13.51,15.26,13.47,14.47,43915100.00,1049930000
12-Mar-16,11.13,13.53,11.09,13.53,48957300.00,864733000
11-Mar-16,11.22,11.6,10.39,11.08,21002700.00,871511000
10-Mar-16,11.88,12.24,10.99,11.3,26851500.00,922452000
9-Mar-16,9.79,12.05,9.67,11.9,27540500.00,760017000
8-Mar-16,9.58,10.17,8.82,9.85,25524300.00,743456000
7-Mar-16,11.43,11.65,9.31,9.55,34085100.00,886447000
6-Mar-16,11.2,11.84,9.99,11.38,39112000.00,868736000
5-Mar-16,10.37,12.27,9.97,11,56439600.00,803827000
4-Mar-16,9.24,10.41,8.48,10.41,35520100.00,716027000
3-Mar-16,8.44,10.1,8.33,9.29,40314900.00,653959000
2-Mar-16,7.63,8.75,7.37,8.47,29130200.00,591078000
1-Mar-16,6.32,7.91,6.31,7.65,23098100.00,489188000
29-Feb-16,6.46,6.61,6.05,6.34,7648020.00,499587000
28-Feb-16,6.41,6.62,6.24,6.47,9851660.00,495545000
27-Feb-16,5.96,6.53,5.92,6.43,8903210.00,461169000
26-Feb-16,6.04,6.27,5.74,5.92,9526860.00,466797000
25-Feb-16,6.19,6.65,5.55,6.1,21471800.00,478149000
24-Feb-16,5.6,6.24,5.51,6.24,11426500.00,432977000
23-Feb-16,5.68,5.95,5.39,5.59,13380600.00,439084000
22-Feb-16,4.66,5.65,4.64,5.62,15056200.00,360185000
21-Feb-16,4.36,4.71,4.23,4.65,6413550.00,336572000
20-Feb-16,4.68,4.75,4.13,4.34,8631090.00,361281000
19-Feb-16,4.38,4.79,4.27,4.74,7666320.00,338222000
18-Feb-16,3.77,4.77,3.42,4.4,17054000.00,291068000
17-Feb-16,4.29,4.77,3.5,3.76,15451000.00,330635000
16-Feb-16,5.33,5.47,4.03,4.32,15889100.00,410605000
15-Feb-16,5.33,5.89,5.02,5.29,13934200.00,410643000
14-Feb-16,5.4,5.47,4.45,5.24,11226500.00,416193000
13-Feb-16,5.69,5.72,4.19,5.39,24218800.00,437667000
12-Feb-16,5.95,6.58,5.07,5.55,23360800.00,457618000
11-Feb-16,4.5,6.29,4.34,6.01,26408200.00,345964000
10-Feb-16,4,4.86,3.78,4.44,28640400.00,307684000
9-Feb-16,3.17,4.04,3.17,4.04,17954000.00,244110000
8-Feb-16,2.97,3.27,2.88,3.18,9725690.00,228504000
7-Feb-16,2.54,3.06,2.54,2.96,7007060.00,194884000
6-Feb-16,2.53,2.56,2.47,2.53,1921240.00,194621000
5-Feb-16,2.57,2.61,2.47,2.54,2636700.00,197363000
4-Feb-16,2.53,2.63,2.44,2.58,3552320.00,194126000
3-Feb-16,2.43,2.54,2.34,2.53,3987750.00,186609000
2-Feb-16,2.22,2.45,2.16,2.44,3451270.00,169923000
1-Feb-16,2.32,2.32,2.12,2.21,3994100.00,177881000
31-Jan-16,2.44,2.53,2.19,2.31,5847500.00,187289000
30-Jan-16,2.51,2.61,2.4,2.45,3725080.00,192176000
29-Jan-16,2.54,2.61,2.3,2.49,6662340.00,194815000
28-Jan-16,2.41,2.68,2.34,2.53,4903850.00,184294000
27-Jan-16,2.25,2.59,2.19,2.39,6961080.00,172061000
26-Jan-16,2.53,2.84,1.99,2.28,13939200.00,193838000
25-Jan-16,2.15,2.66,2.06,2.5,10739300.00,164313000
24-Jan-16,1.9,2.3,1.9,2.14,9669770.00,145358000
23-Jan-16,1.5,2.03,1.5,1.97,7370980.00,115002000
22-Jan-16,1.55,1.58,1.47,1.5,1567240.00,118244000
21-Jan-16,1.53,1.59,1.49,1.55,1614960.00,117111000
20-Jan-16,1.36,1.62,1.35,1.53,2933220.00,104124000
19-Jan-16,1.42,1.46,1.31,1.37,2446740.00,108628000
18-Jan-16,1.33,1.54,1.32,1.43,4278930.00,101699000
17-Jan-16,1.22,1.33,1.21,1.33,1171150.00,93207300
16-Jan-16,1.22,1.31,1.17,1.22,2462630.00,93099400
15-Jan-16,1.18,1.32,1.14,1.21,3910550.00,90321700
14-Jan-16,1.12,1.19,1.1,1.19,751961.00,85539300
13-Jan-16,1.14,1.15,1.08,1.13,1005910.00,86530000
12-Jan-16,1.07,1.28,1.05,1.14,2898760.00,81217300
11-Jan-16,0.999216,1.07,0.999216,1.06,1011920.00,76096500
10-Jan-16,0.985557,1,0.975099,0.999231,390888.00,75031200
9-Jan-16,0.985501,0.992345,0.9736,0.986833,226281.00,75001800
8-Jan-16,0.942752,0.991825,0.939715,0.986789,545600.00,71724000
7-Jan-16,0.955801,0.974623,0.93583,0.942005,647462.00,72692900
6-Jan-16,0.950028,0.960659,0.935708,0.95086,308791.00,72229700
5-Jan-16,0.953147,0.970597,0.946543,0.950176,219833.00,72442400
4-Jan-16,0.972045,0.976438,0.929835,0.95448,346245.00,73853900
3-Jan-16,0.93843,0.991362,0.934313,0.971905,407632.00,71275900
2-Jan-16,0.947401,0.969637,0.93656,0.937124,255504.00,71933100
1-Jan-16,0.933712,0.954822,0.931442,0.948024,206062.00,70870900
31-Dec-15,0.912098,0.975414,0.910277,0.933542,663994.00,69207400
30-Dec-15,0.874258,0.941099,0.866647,0.911958,604078.00,66314200
29-Dec-15,0.843835,0.873054,0.833232,0.873054,215742.00,63985600
28-Dec-15,0.856356,0.872394,0.832932,0.845005,235134.00,64913200
27-Dec-15,0.853166,0.861538,0.841151,0.856365,164565.00,64650000
26-Dec-15,0.870766,0.897453,0.838314,0.854603,425282.00,65961900
25-Dec-15,0.861993,0.882556,0.861993,0.870363,187114.00,65275400
24-Dec-15,0.859433,0.882818,0.8476,0.863262,354646.00,65060000
23-Dec-15,0.861782,0.88294,0.856065,0.858077,334993.00,65215800
22-Dec-15,0.894973,0.909526,0.862059,0.864202,454249.00,67704600
21-Dec-15,0.906065,0.91739,0.891182,0.900771,549113.00,68521200
20-Dec-15,0.90824,0.943185,0.899441,0.903885,472164.00,68663100
19-Dec-15,0.921524,0.925874,0.888916,0.908072,343535.00,69644200
18-Dec-15,0.938327,0.939493,0.908081,0.920127,300787.00,70890600
17-Dec-15,0.993043,0.997611,0.911807,0.940701,640765.00,74999300
16-Dec-15,1.02,1.02,0.974927,0.991182,320767.00,76791600
15-Dec-15,0.990589,1.03,0.98224,1.01,578618.00,74764100
14-Dec-15,0.95662,1.01,0.950178,0.993022,563436.00,72176400
13-Dec-15,0.971538,0.989394,0.937438,0.952884,273614.00,73276400
12-Dec-15,0.931196,1.05,0.928546,0.976973,1376280.00,70210000
11-Dec-15,0.839995,0.929762,0.819789,0.929762,801072.00,63312400
10-Dec-15,0.79559,0.86159,0.787291,0.840396,369589.00,59945000
9-Dec-15,0.824454,0.824454,0.770488,0.792167,624221.00,62098400
8-Dec-15,0.806024,0.823645,0.782328,0.822118,445903.00,60690400
7-Dec-15,0.836322,0.850791,0.78765,0.811264,520409.00,62950900
6-Dec-15,0.866417,0.882436,0.833115,0.8355,443608.00,65194900
5-Dec-15,0.841195,0.872821,0.824444,0.862438,232743.00,63276000
4-Dec-15,0.812082,0.859575,0.802373,0.840041,241278.00,61065700
3-Dec-15,0.818546,0.837664,0.785086,0.812143,539969.00,61530500
2-Dec-15,0.873171,0.878017,0.818924,0.82121,506307.00,65615700
1-Dec-15,0.878316,0.886736,0.853937,0.8748,652857.00,65980000
30-Nov-15,0.879951,0.895054,0.847696,0.873119,784439.00,66080400
29-Nov-15,0.914144,0.914153,0.860533,0.878614,448358.00,68625100
28-Nov-15,0.868102,0.929293,0.862122,0.915703,462464.00,65147000
27-Nov-15,0.8821,0.900051,0.860695,0.867951,403813.00,66174600
26-Nov-15,0.863273,0.903643,0.80436,0.884183,947473.00,64740900
25-Nov-15,0.893827,0.899493,0.851106,0.863537,622991.00,67010200
24-Nov-15,0.946442,0.948055,0.895931,0.900191,524195.00,70931100
23-Nov-15,0.967493,0.969057,0.93387,0.946969,441875.00,72484200
22-Nov-15,0.979765,0.984132,0.958982,0.968018,372173.00,73378800
21-Nov-15,0.928758,0.978743,0.92094,0.97614,455976.00,69535300
20-Nov-15,0.955735,0.955735,0.898576,0.92492,614335.00,71532500
19-Nov-15,0.988713,1.01,0.937498,0.955532,443528.00,73976100
18-Nov-15,0.993214,1.01,0.940516,0.993319,681104.00,74287700
17-Nov-15,0.924948,1.03,0.905794,1.01,1145440.00,69157900
16-Nov-15,0.906166,0.944732,0.891971,0.928962,620945.00,67730700
15-Nov-15,0.891217,0.921516,0.874957,0.906368,411848.00,66590200
14-Nov-15,0.905469,0.906113,0.876908,0.888812,372514.00,67631900
13-Nov-15,0.907722,0.917309,0.846023,0.904096,543671.00,67777000
12-Nov-15,0.796455,0.913919,0.76351,0.895711,806156.00,59448700
11-Nov-15,0.941296,0.945278,0.729775,0.791829,1278580.00,70236200
10-Nov-15,1,1.05,0.920968,0.934348,854581.00,74685300
9-Nov-15,1.03,1.11,0.945263,0.999278,2045290.00,76991800
8-Nov-15,0.915661,1.03,0.915661,1.03,1021460.00,68254300
7-Nov-15,0.923732,0.943787,0.863539,0.927974,890187.00,68833200
6-Nov-15,0.904772,0.989848,0.852929,0.926032,913666.00,67397100
5-Nov-15,0.900699,0.991259,0.860382,0.895637,1179840.00,67070700
4-Nov-15,1.01,1.04,0.725665,0.89905,3060340.00,75232400
3-Nov-15,0.994568,1.07,0.936615,1.01,1907690.00,74010000
2-Nov-15,1.06,1.1,0.953647,0.989789,1145200.00,78701400
1-Nov-15,0.920847,1.08,0.899082,1.06,588913.00,68477200
31-Oct-15,1.05,1.06,0.900171,0.916627,673892.00,77800300
30-Oct-15,1.21,1.35,0.96816,1.04,2429200.00,89857400
29-Oct-15,1.01,1.21,0.947374,1.21,2279240.00,74675600
28-Oct-15,0.870938,1.06,0.807857,1,2373050.00,64676600
27-Oct-15,0.70889,0.898172,0.70889,0.869641,1846370.00,52624300
26-Oct-15,0.619743,0.757517,0.597098,0.731317,1089120.00,45991300
25-Oct-15,0.563207,0.688192,0.561383,0.616039,635384.00,41781300
24-Oct-15,0.539681,0.577396,0.518688,0.56359,258356.00,40022100
23-Oct-15,0.56637,0.611743,0.504284,0.539657,878822.00,41986400
22-Oct-15,0.444988,0.619466,0.420991,0.567702,924822.00,32977300
21-Oct-15,0.431589,0.482988,0.420897,0.447329,609085.00,31973600
20-Oct-15,0.489629,0.501898,0.431648,0.434829,383921.00,36261200
19-Oct-15,0.517621,0.521546,0.480994,0.489014,243742.00,38321300
18-Oct-15,0.547913,0.552234,0.512861,0.517734,133690.00,40550400
17-Oct-15,0.534117,0.56346,0.526961,0.547178,313860.00,39515900
16-Oct-15,0.562593,0.568861,0.522533,0.536495,249891.00,41608900
15-Oct-15,0.523278,0.572714,0.51473,0.561878,371022.00,38688300
14-Oct-15,0.61224,0.61224,0.483974,0.522968,971664.00,45250600
13-Oct-15,0.627943,0.63024,0.599214,0.607655,303044.00,46395200
12-Oct-15,0.634515,0.657789,0.62603,0.62603,109567.00,46864200
11-Oct-15,0.627461,0.639506,0.618335,0.634963,102128.00,46327500
10-Oct-15,0.641187,0.649022,0.624374,0.627857,141555.00,47325200
9-Oct-15,0.655084,0.692296,0.632116,0.650628,386420.00,48334900
8-Oct-15,0.609501,0.633138,0.591971,0.621716,310266.00,44955900
7-Oct-15,0.650515,0.656301,0.602423,0.609388,218327.00,47964700
6-Oct-15,0.622218,0.653944,0.60623,0.650645,262674.00,45863300
5-Oct-15,0.666784,0.674438,0.62445,0.628643,234263.00,49131600
4-Oct-15,0.686343,0.693126,0.660716,0.668379,103497.00,50556000
3-Oct-15,0.678783,0.709204,0.675482,0.687171,163326.00,49981900
2-Oct-15,0.683732,0.69112,0.654605,0.678574,219318.00,50328700
1-Oct-15,0.734307,0.734307,0.655906,0.690215,596084.00,54032300
30-Sep-15,0.661192,0.746722,0.635861,0.738644,619926.00,48636600
29-Sep-15,0.579414,0.67583,0.558346,0.661146,913992.00,42607700
28-Sep-15,0.723715,0.725677,0.557062,0.582886,1320890.00,53201800
27-Sep-15,0.791277,0.791277,0.719169,0.720839,413801.00,58149600
26-Sep-15,0.73763,0.787544,0.709328,0.785964,369620.00,54188900
25-Sep-15,0.820031,0.825665,0.712745,0.736223,903457.00,60221400
24-Sep-15,0.896796,0.908571,0.79346,0.81361,842505.00,65836400
23-Sep-15,0.90356,0.90891,0.885136,0.893406,200541.00,66309600
22-Sep-15,0.919337,0.919337,0.865225,0.901796,487914.00,67444200
21-Sep-15,0.941496,0.957326,0.878301,0.919047,424039.00,69045900
20-Sep-15,0.881191,0.947741,0.873205,0.938445,508314.00,64600000
19-Sep-15,0.849603,0.911883,0.833784,0.882391,386988.00,62262700
18-Sep-15,0.874574,0.888102,0.833908,0.853685,484622.00,64071300
17-Sep-15,0.906865,0.909204,0.831132,0.874231,897940.00,66415200
16-Sep-15,0.941977,0.952698,0.901639,0.907175,615593.00,68963300
15-Sep-15,0.875189,1.05,0.875189,0.94441,703390.00,64052400
14-Sep-15,0.940566,0.949387,0.87176,0.875622,741085.00,68814400
13-Sep-15,1.04,1.04,0.902832,0.936003,644138.00,76193600
12-Sep-15,0.987228,1.11,0.96978,1.04,772430.00,72179000
11-Sep-15,1.16,1.17,0.940675,0.982978,1942600.00,85144300
10-Sep-15,1.21,1.22,1.14,1.17,662782.00,88230500
9-Sep-15,1.24,1.26,1.2,1.21,366748.00,90518300
8-Sep-15,1.25,1.28,1.23,1.24,427892.00,91020700
7-Sep-15,1.3,1.31,1.24,1.25,489014.00,94585300
6-Sep-15,1.34,1.37,1.29,1.3,491968.00,97625500
5-Sep-15,1.28,1.34,1.27,1.34,448453.00,93402300
4-Sep-15,1.26,1.3,1.24,1.27,474391.00,92234100
3-Sep-15,1.3,1.31,1.21,1.26,702991.00,94418700
2-Sep-15,1.35,1.35,1.26,1.29,883769.00,98504600
1-Sep-15,1.35,1.39,1.34,1.35,778862.00,98617200
31-Aug-15,1.32,1.4,1.2,1.36,1447180.00,96251000
30-Aug-15,1.18,1.37,1.17,1.32,1337650.00,86145900
29-Aug-15,1.19,1.21,1.15,1.18,375377.00,86887600
28-Aug-15,1.15,1.21,1.12,1.19,721872.00,83521700
27-Aug-15,1.17,1.19,1.14,1.15,686662.00,85106100
26-Aug-15,1.13,1.2,1.06,1.16,1056750.00,82384400
25-Aug-15,1.23,1.24,1.13,1.14,1307180.00,89321900
24-Aug-15,1.35,1.36,1.23,1.23,924920.00,97791600
23-Aug-15,1.38,1.41,1.3,1.35,1589300.00,99894500
22-Aug-15,1.4,1.48,1.35,1.38,948310.00,101404000
21-Aug-15,1.48,1.56,1.35,1.4,2020970.00,107266000
20-Aug-15,1.25,1.53,1.25,1.46,2843760.00,90809000
19-Aug-15,1.17,1.32,1.17,1.26,1486240.00,84663900
18-Aug-15,1.22,1.33,1.09,1.09,1485680.00,88143200
17-Aug-15,1.58,1.58,1.19,1.2,1942830.00,95819700
16-Aug-15,1.68,1.7,1.09,1.57,3550790.00,102028000
15-Aug-15,1.8,1.88,1.57,1.69,2554360.00,109160000
14-Aug-15,1.81,2.26,1.75,1.83,4637030.00,109594000
13-Aug-15,1.22,1.97,1.17,1.83,4068680.00,73935400
12-Aug-15,1.06,1.29,0.883608,1.22,2150620.00,64018400
11-Aug-15,0.708087,1.13,0.663235,1.07,1463100.00,42796500
10-Aug-15,0.713989,0.729854,0.636546,0.708448,405283.00,43130000
9-Aug-15,0.706136,0.87981,0.629191,0.701897,532170.00,42637600
8-Aug-15,2.79,2.8,0.714725,0.753325,674188.00,167911000
7-Aug-15,2.83,3.54,2.52,2.77,164329.00,-